USE [HRdatabase]
GO
/****** Object:  Table [dbo].[COUNTRIES]    Script Date: 10/10/2021 15:26:02 ******/
SET ANSI_NULLS ON
GO
SET QUOTED_IDENTIFIER ON
GO
CREATE TABLE [dbo].[COUNTRIES](
	[COUNTRY_ID] [char](50) NOT NULL,
	[REGION_ID] [int] NULL,
	[COUNTRY_NAME] [varchar](50) NULL,
PRIMARY KEY CLUSTERED 
(
	[COUNTRY_ID] ASC
)WITH (PAD_INDEX = OFF, STATISTICS_NORECOMPUTE = OFF, IGNORE_DUP_KEY = OFF, ALLOW_ROW_LOCKS = ON, ALLOW_PAGE_LOCKS = ON) ON [PRIMARY]
) ON [PRIMARY]
GO
/****** Object:  Table [dbo].[DEPARTMENTS]    Script Date: 10/10/2021 15:26:02 ******/
SET ANSI_NULLS ON
GO
SET QUOTED_IDENTIFIER ON
GO
CREATE TABLE [dbo].[DEPARTMENTS](
	[DEPARTMENT_ID] [int] IDENTITY(1,1) NOT NULL,
	[DEPARTMENT_NAME] [varchar](50) NOT NULL,
	[MANAGER_ID] [int] NULL,
	[LOCATION_ID] [int] NULL,
PRIMARY KEY CLUSTERED 
(
	[DEPARTMENT_ID] ASC
)WITH (PAD_INDEX = OFF, STATISTICS_NORECOMPUTE = OFF, IGNORE_DUP_KEY = OFF, ALLOW_ROW_LOCKS = ON, ALLOW_PAGE_LOCKS = ON) ON [PRIMARY]
) ON [PRIMARY]
GO
/****** Object:  Table [dbo].[EMPLOYEES]    Script Date: 10/10/2021 15:26:02 ******/
SET ANSI_NULLS ON
GO
SET QUOTED_IDENTIFIER ON
GO
CREATE TABLE [dbo].[EMPLOYEES](
	[EMPLOYEE_ID] [int] IDENTITY(1,1) NOT NULL,
	[FIRST_NAME] [varchar](50) NULL,
	[LAST_NAME] [varchar](50) NOT NULL,
	[EMAIL] [varchar](50) NOT NULL,
	[PHONE_NUMBER] [varchar](50) NULL,
	[HIRE_DATE] [date] NOT NULL,
	[JOB_ID] [varchar](50) NOT NULL,
	[SALARY] [int] NULL,
	[COMMISION_PCT] [int] NULL,
	[MANAGER_ID] [int] NULL,
	[DEPARTMENT_ID] [int] NULL,
PRIMARY KEY CLUSTERED 
(
	[EMPLOYEE_ID] ASC
)WITH (PAD_INDEX = OFF, STATISTICS_NORECOMPUTE = OFF, IGNORE_DUP_KEY = OFF, ALLOW_ROW_LOCKS = ON, ALLOW_PAGE_LOCKS = ON) ON [PRIMARY]
) ON [PRIMARY]
GO
/****** Object:  Table [dbo].[JOBS]    Script Date: 10/10/2021 15:26:02 ******/
SET ANSI_NULLS ON
GO
SET QUOTED_IDENTIFIER ON
GO
CREATE TABLE [dbo].[JOBS](
	[JOB_ID] [varchar](50) NOT NULL,
	[JOB_TITLE] [varchar](50) NOT NULL,
	[MIN_SALARY] [int] NULL,
	[MAX_SALARY] [int] NULL,
PRIMARY KEY CLUSTERED 
(
	[JOB_ID] ASC
)WITH (PAD_INDEX = OFF, STATISTICS_NORECOMPUTE = OFF, IGNORE_DUP_KEY = OFF, ALLOW_ROW_LOCKS = ON, ALLOW_PAGE_LOCKS = ON) ON [PRIMARY]
) ON [PRIMARY]
GO
/****** Object:  Table [dbo].[JOBS_HISTORY]    Script Date: 10/10/2021 15:26:02 ******/
SET ANSI_NULLS ON
GO
SET QUOTED_IDENTIFIER ON
GO
CREATE TABLE [dbo].[JOBS_HISTORY](
	[EMPLOYEE_ID] [int] NOT NULL,
	[START_DATE1] [date] NOT NULL,
	[JOB_ID] [varchar](50) NOT NULL,
	[DEPARTMENT_ID] [int] NULL,
	[END_DATE] [date] NULL,
PRIMARY KEY CLUSTERED 
(
	[EMPLOYEE_ID] ASC,
	[START_DATE1] ASC
)WITH (PAD_INDEX = OFF, STATISTICS_NORECOMPUTE = OFF, IGNORE_DUP_KEY = OFF, ALLOW_ROW_LOCKS = ON, ALLOW_PAGE_LOCKS = ON) ON [PRIMARY]
) ON [PRIMARY]
GO
/****** Object:  Table [dbo].[LOCATIONS]    Script Date: 10/10/2021 15:26:02 ******/
SET ANSI_NULLS ON
GO
SET QUOTED_IDENTIFIER ON
GO
CREATE TABLE [dbo].[LOCATIONS](
	[LOCATION_ID] [int] IDENTITY(1,1) NOT NULL,
	[STREET_ADRESS] [varchar](50) NULL,
	[POSTAL_CODE] [varchar](50) NULL,
	[CITY] [varchar](50) NOT NULL,
	[STATE_PROVINCE] [varchar](50) NULL,
	[COUNTRY_ID] [char](50) NULL,
PRIMARY KEY CLUSTERED 
(
	[LOCATION_ID] ASC
)WITH (PAD_INDEX = OFF, STATISTICS_NORECOMPUTE = OFF, IGNORE_DUP_KEY = OFF, ALLOW_ROW_LOCKS = ON, ALLOW_PAGE_LOCKS = ON) ON [PRIMARY]
) ON [PRIMARY]
GO
/****** Object:  Table [dbo].[REGIONS]    Script Date: 10/10/2021 15:26:02 ******/
SET ANSI_NULLS ON
GO
SET QUOTED_IDENTIFIER ON
GO
CREATE TABLE [dbo].[REGIONS](
	[REGION_ID] [int] IDENTITY(1,1) NOT NULL,
	[REGION_NAME] [varchar](50) NULL,
PRIMARY KEY CLUSTERED 
(
	[REGION_ID] ASC
)WITH (PAD_INDEX = OFF, STATISTICS_NORECOMPUTE = OFF, IGNORE_DUP_KEY = OFF, ALLOW_ROW_LOCKS = ON, ALLOW_PAGE_LOCKS = ON) ON [PRIMARY]
) ON [PRIMARY]
GO
INSERT [dbo].[COUNTRIES] ([COUNTRY_ID], [REGION_ID], [COUNTRY_NAME]) VALUES (N'CN                                                ', 3, N'CHINA')
GO
INSERT [dbo].[COUNTRIES] ([COUNTRY_ID], [REGION_ID], [COUNTRY_NAME]) VALUES (N'EG                                                ', 7, N'EGYPT')
GO
INSERT [dbo].[COUNTRIES] ([COUNTRY_ID], [REGION_ID], [COUNTRY_NAME]) VALUES (N'NZ                                                ', 6, N'NEW ZELAND')
GO
INSERT [dbo].[COUNTRIES] ([COUNTRY_ID], [REGION_ID], [COUNTRY_NAME]) VALUES (N'RU                                                ', 4, N'RUSSIA')
GO
INSERT [dbo].[COUNTRIES] ([COUNTRY_ID], [REGION_ID], [COUNTRY_NAME]) VALUES (N'US                                                ', 5, N'USA')
GO
SET IDENTITY_INSERT [dbo].[DEPARTMENTS] ON 
GO
INSERT [dbo].[DEPARTMENTS] ([DEPARTMENT_ID], [DEPARTMENT_NAME], [MANAGER_ID], [LOCATION_ID]) VALUES (1, N'Russian Department', 10, 2)
GO
INSERT [dbo].[DEPARTMENTS] ([DEPARTMENT_ID], [DEPARTMENT_NAME], [MANAGER_ID], [LOCATION_ID]) VALUES (2, N'US Department', 4, 1)
GO
SET IDENTITY_INSERT [dbo].[DEPARTMENTS] OFF
GO
SET IDENTITY_INSERT [dbo].[EMPLOYEES] ON 
GO
INSERT [dbo].[EMPLOYEES] ([EMPLOYEE_ID], [FIRST_NAME], [LAST_NAME], [EMAIL], [PHONE_NUMBER], [HIRE_DATE], [JOB_ID], [SALARY], [COMMISION_PCT], [MANAGER_ID], [DEPARTMENT_ID]) VALUES (2, N'John', N'Wick', N'wick@gmail.com', NULL, CAST(N'2018-01-01' AS Date), N'1', 100000, 100, NULL, 2)
GO
INSERT [dbo].[EMPLOYEES] ([EMPLOYEE_ID], [FIRST_NAME], [LAST_NAME], [EMAIL], [PHONE_NUMBER], [HIRE_DATE], [JOB_ID], [SALARY], [COMMISION_PCT], [MANAGER_ID], [DEPARTMENT_ID]) VALUES (4, N'James', N'McGill', N'McGill@gmail.com', NULL, CAST(N'2018-02-01' AS Date), N'2', 50000, 0, 2, 2)
GO
INSERT [dbo].[EMPLOYEES] ([EMPLOYEE_ID], [FIRST_NAME], [LAST_NAME], [EMAIL], [PHONE_NUMBER], [HIRE_DATE], [JOB_ID], [SALARY], [COMMISION_PCT], [MANAGER_ID], [DEPARTMENT_ID]) VALUES (6, N'Saul', N'Goodman', N'bettercallsaul@gmail.com', NULL, CAST(N'2019-02-21' AS Date), N'3', 5000, 0, 4, 2)
GO
INSERT [dbo].[EMPLOYEES] ([EMPLOYEE_ID], [FIRST_NAME], [LAST_NAME], [EMAIL], [PHONE_NUMBER], [HIRE_DATE], [JOB_ID], [SALARY], [COMMISION_PCT], [MANAGER_ID], [DEPARTMENT_ID]) VALUES (7, N'Mike', N'Ehrmantraut', N'Ehrmantraut@gmail.com', NULL, CAST(N'2020-02-21' AS Date), N'3', 10000, 0, 4, 2)
GO
INSERT [dbo].[EMPLOYEES] ([EMPLOYEE_ID], [FIRST_NAME], [LAST_NAME], [EMAIL], [PHONE_NUMBER], [HIRE_DATE], [JOB_ID], [SALARY], [COMMISION_PCT], [MANAGER_ID], [DEPARTMENT_ID]) VALUES (10, N'Vadim', N'Khasanshn', N'vadim.kh7@gmail.com', NULL, CAST(N'2021-02-21' AS Date), N'2', 90000, 0, 2, 1)
GO
INSERT [dbo].[EMPLOYEES] ([EMPLOYEE_ID], [FIRST_NAME], [LAST_NAME], [EMAIL], [PHONE_NUMBER], [HIRE_DATE], [JOB_ID], [SALARY], [COMMISION_PCT], [MANAGER_ID], [DEPARTMENT_ID]) VALUES (11, N'Vasya', N'Kasumov', N'kasumov@gmail.com', NULL, CAST(N'2021-05-21' AS Date), N'3', 9000, 0, 10, 1)
GO
SET IDENTITY_INSERT [dbo].[EMPLOYEES] OFF
GO
INSERT [dbo].[JOBS] ([JOB_ID], [JOB_TITLE], [MIN_SALARY], [MAX_SALARY]) VALUES (N'1', N'CEO', 50000, 200000)
GO
INSERT [dbo].[JOBS] ([JOB_ID], [JOB_TITLE], [MIN_SALARY], [MAX_SALARY]) VALUES (N'2', N'HEAD OF THE DEPATRMENT', 10000, 100000)
GO
INSERT [dbo].[JOBS] ([JOB_ID], [JOB_TITLE], [MIN_SALARY], [MAX_SALARY]) VALUES (N'3', N'REGULAR CLERK', 5000, 50000)
GO
INSERT [dbo].[JOBS_HISTORY] ([EMPLOYEE_ID], [START_DATE1], [JOB_ID], [DEPARTMENT_ID], [END_DATE]) VALUES (2, CAST(N'2018-01-01' AS Date), N'1', 2, NULL)
GO
INSERT [dbo].[JOBS_HISTORY] ([EMPLOYEE_ID], [START_DATE1], [JOB_ID], [DEPARTMENT_ID], [END_DATE]) VALUES (4, CAST(N'2018-02-01' AS Date), N'3', 2, CAST(N'2019-02-01' AS Date))
GO
INSERT [dbo].[JOBS_HISTORY] ([EMPLOYEE_ID], [START_DATE1], [JOB_ID], [DEPARTMENT_ID], [END_DATE]) VALUES (4, CAST(N'2019-02-01' AS Date), N'2', 2, NULL)
GO
INSERT [dbo].[JOBS_HISTORY] ([EMPLOYEE_ID], [START_DATE1], [JOB_ID], [DEPARTMENT_ID], [END_DATE]) VALUES (6, CAST(N'2019-02-21' AS Date), N'3', 2, NULL)
GO
INSERT [dbo].[JOBS_HISTORY] ([EMPLOYEE_ID], [START_DATE1], [JOB_ID], [DEPARTMENT_ID], [END_DATE]) VALUES (7, CAST(N'2020-02-21' AS Date), N'3', 2, NULL)
GO
INSERT [dbo].[JOBS_HISTORY] ([EMPLOYEE_ID], [START_DATE1], [JOB_ID], [DEPARTMENT_ID], [END_DATE]) VALUES (10, CAST(N'2021-02-21' AS Date), N'2', 1, NULL)
GO
INSERT [dbo].[JOBS_HISTORY] ([EMPLOYEE_ID], [START_DATE1], [JOB_ID], [DEPARTMENT_ID], [END_DATE]) VALUES (11, CAST(N'2021-05-21' AS Date), N'3', 1, NULL)
GO
SET IDENTITY_INSERT [dbo].[LOCATIONS] ON 
GO
INSERT [dbo].[LOCATIONS] ([LOCATION_ID], [STREET_ADRESS], [POSTAL_CODE], [CITY], [STATE_PROVINCE], [COUNTRY_ID]) VALUES (1, N'Random street', NULL, N'NEW YORK', NULL, N'US                                                ')
GO
INSERT [dbo].[LOCATIONS] ([LOCATION_ID], [STREET_ADRESS], [POSTAL_CODE], [CITY], [STATE_PROVINCE], [COUNTRY_ID]) VALUES (2, N'Random ulitsa', NULL, N'MOSCOW', NULL, N'RU                                                ')
GO
SET IDENTITY_INSERT [dbo].[LOCATIONS] OFF
GO
SET IDENTITY_INSERT [dbo].[REGIONS] ON 
GO
INSERT [dbo].[REGIONS] ([REGION_ID], [REGION_NAME]) VALUES (3, N'ASIA')
GO
INSERT [dbo].[REGIONS] ([REGION_ID], [REGION_NAME]) VALUES (4, N'EUROPE')
GO
INSERT [dbo].[REGIONS] ([REGION_ID], [REGION_NAME]) VALUES (5, N'AMERICA')
GO
INSERT [dbo].[REGIONS] ([REGION_ID], [REGION_NAME]) VALUES (6, N'OCEANIA')
GO
INSERT [dbo].[REGIONS] ([REGION_ID], [REGION_NAME]) VALUES (7, N'AFRICA')
GO
SET IDENTITY_INSERT [dbo].[REGIONS] OFF
GO
/****** Object:  Index [UQ__DEPARTME__238F8280CDA1E82D]    Script Date: 10/10/2021 15:26:02 ******/
ALTER TABLE [dbo].[DEPARTMENTS] ADD UNIQUE NONCLUSTERED 
(
	[MANAGER_ID] ASC
)WITH (PAD_INDEX = OFF, STATISTICS_NORECOMPUTE = OFF, SORT_IN_TEMPDB = OFF, IGNORE_DUP_KEY = OFF, ONLINE = OFF, ALLOW_ROW_LOCKS = ON, ALLOW_PAGE_LOCKS = ON) ON [PRIMARY]
GO
ALTER TABLE [dbo].[COUNTRIES]  WITH CHECK ADD  CONSTRAINT [FK_COUNTRIES_REGIONS] FOREIGN KEY([REGION_ID])
REFERENCES [dbo].[REGIONS] ([REGION_ID])
GO
ALTER TABLE [dbo].[COUNTRIES] CHECK CONSTRAINT [FK_COUNTRIES_REGIONS]
GO
ALTER TABLE [dbo].[DEPARTMENTS]  WITH CHECK ADD  CONSTRAINT [FK_DEPARTMENTS_LOCATIONS] FOREIGN KEY([LOCATION_ID])
REFERENCES [dbo].[LOCATIONS] ([LOCATION_ID])
GO
ALTER TABLE [dbo].[DEPARTMENTS] CHECK CONSTRAINT [FK_DEPARTMENTS_LOCATIONS]
GO
ALTER TABLE [dbo].[EMPLOYEES]  WITH NOCHECK ADD  CONSTRAINT [FK_EMPLOYEES_DEPARTMENTS] FOREIGN KEY([MANAGER_ID])
REFERENCES [dbo].[DEPARTMENTS] ([MANAGER_ID])
GO
ALTER TABLE [dbo].[EMPLOYEES] NOCHECK CONSTRAINT [FK_EMPLOYEES_DEPARTMENTS]
GO
ALTER TABLE [dbo].[EMPLOYEES]  WITH CHECK ADD  CONSTRAINT [FK_EMPLOYEES_DEPARTMENTS1] FOREIGN KEY([DEPARTMENT_ID])
REFERENCES [dbo].[DEPARTMENTS] ([DEPARTMENT_ID])
GO
ALTER TABLE [dbo].[EMPLOYEES] CHECK CONSTRAINT [FK_EMPLOYEES_DEPARTMENTS1]
GO
ALTER TABLE [dbo].[EMPLOYEES]  WITH CHECK ADD  CONSTRAINT [FK_EMPLOYEES_EMPLOYEES] FOREIGN KEY([MANAGER_ID])
REFERENCES [dbo].[EMPLOYEES] ([EMPLOYEE_ID])
GO
ALTER TABLE [dbo].[EMPLOYEES] CHECK CONSTRAINT [FK_EMPLOYEES_EMPLOYEES]
GO
ALTER TABLE [dbo].[EMPLOYEES]  WITH CHECK ADD  CONSTRAINT [FK_EMPLOYEES_JOBS] FOREIGN KEY([JOB_ID])
REFERENCES [dbo].[JOBS] ([JOB_ID])
GO
ALTER TABLE [dbo].[EMPLOYEES] CHECK CONSTRAINT [FK_EMPLOYEES_JOBS]
GO
ALTER TABLE [dbo].[JOBS_HISTORY]  WITH CHECK ADD  CONSTRAINT [FK_JOBS_HISTORY_DEPARTMENTS] FOREIGN KEY([DEPARTMENT_ID])
REFERENCES [dbo].[DEPARTMENTS] ([DEPARTMENT_ID])
GO
ALTER TABLE [dbo].[JOBS_HISTORY] CHECK CONSTRAINT [FK_JOBS_HISTORY_DEPARTMENTS]
GO
ALTER TABLE [dbo].[JOBS_HISTORY]  WITH CHECK ADD  CONSTRAINT [FK_JOBS_HISTORY_EMPLOYEES] FOREIGN KEY([EMPLOYEE_ID])
REFERENCES [dbo].[EMPLOYEES] ([EMPLOYEE_ID])
GO
ALTER TABLE [dbo].[JOBS_HISTORY] CHECK CONSTRAINT [FK_JOBS_HISTORY_EMPLOYEES]
GO
ALTER TABLE [dbo].[JOBS_HISTORY]  WITH CHECK ADD  CONSTRAINT [FK_JOBS_HISTORY_JOBS] FOREIGN KEY([JOB_ID])
REFERENCES [dbo].[JOBS] ([JOB_ID])
GO
ALTER TABLE [dbo].[JOBS_HISTORY] CHECK CONSTRAINT [FK_JOBS_HISTORY_JOBS]
GO
ALTER TABLE [dbo].[LOCATIONS]  WITH CHECK ADD  CONSTRAINT [FK_LOCATIONS_COUNTRIES] FOREIGN KEY([COUNTRY_ID])
REFERENCES [dbo].[COUNTRIES] ([COUNTRY_ID])
GO
ALTER TABLE [dbo].[LOCATIONS] CHECK CONSTRAINT [FK_LOCATIONS_COUNTRIES]
GO
